{
  "experiment_info": {
    "total_circuits": 594,
    "timestamp": "2025-05-28T15:32:36.596009",
    "experiment_type": "800만 샷 2큐빗 게이트 비율 테스트"
  },
  "circuit_statistics": {
    "qubit_range": {
      "min": 5,
      "max": 127
    },
    "depth_range": {
      "min": 1,
      "max": 4
    },
    "two_qubit_ratio_range": {
      "min": 0.1,
      "max": 0.5
    },
    "unique_configurations": 60
  },
  "performance_statistics": {
    "fidelity": {
      "mean": 0.4769930666312246,
      "std": 0.3907618387586564,
      "min": 0.0,
      "max": 0.915296052631579,
      "median": 0.594983552631579
    },
    "robust_fidelity": {
      "mean": 0.7731647616516037,
      "std": 0.34887047358527945,
      "min": 0.0,
      "max": 1.0,
      "median": 0.9794407894736842
    },
    "total_error_rate": {
      "mean": 0.5230069333687755,
      "std": 0.39076183875865633,
      "min": 0.08470394736842106,
      "max": 1.0,
      "median": 0.405016447368421
    },
    "expressibility": {
      "mean": 0.0,
      "std": 0.0,
      "min": 0.0,
      "max": 0.0,
      "median": 0.0
    }
  },
  "two_qubit_ratio_analysis": {
    "10.0%": {
      "count": 200,
      "fidelity_mean": 0.5211307565789474,
      "robust_fidelity_mean": 0.9046299342105263,
      "error_rate_mean": 0.4788692434210527,
      "fidelity_std": 0.3994592637015287,
      "robust_fidelity_std": 0.19764012804735084,
      "error_rate_std": 0.3994592637015287,
      "expressibility_mean": 0.0,
      "expressibility_std": 0.0
    },
    "30.0%": {
      "count": 200,
      "fidelity_mean": 0.4495764802631579,
      "robust_fidelity_mean": 0.7113815789473683,
      "error_rate_mean": 0.5504235197368422,
      "fidelity_std": 0.38908793485786125,
      "robust_fidelity_std": 0.3817854569647168,
      "error_rate_std": 0.38908793485786125,
      "expressibility_mean": 0.0,
      "expressibility_std": 0.0
    },
    "50.0%": {
      "count": 194,
      "fidelity_mean": 0.45975481551817693,
      "robust_fidelity_mean": 0.7013276587086273,
      "error_rate_mean": 0.540245184481823,
      "fidelity_std": 0.3793081433427249,
      "robust_fidelity_std": 0.393965751422211,
      "error_rate_std": 0.3793081433427249,
      "expressibility_mean": 0.0,
      "expressibility_std": 0.0
    }
  },
  "error_analysis": {
    "high_error_circuits_count": 572,
    "high_error_circuits_percentage": 96.29629629629629,
    "low_fidelity_circuits_count": 278,
    "low_fidelity_circuits_percentage": 46.801346801346796
  },
  "recommendations": {
    "best_ratio_for_fidelity": "10.0%",
    "best_ratio_for_robust_fidelity": "10.0%",
    "best_ratio_for_low_error": "10.0%",
    "overall_recommendation": "10.0%",
    "recommendation_reason": "Robust 피델리티가 노이즈 환경에서 더 신뢰할 수 있는 지표입니다."
  },
  "execution_info": {
    "target_total_shots": 8000000,
    "actual_total_shots": 722304,
    "shots_efficiency": 0.090288,
    "data_integrity": "완전 보장 (Config 기반 적정 샷 수)",
    "batch_count": 1,
    "config_based_shots": true,
    "shots_adequacy": {
      "fidelity_adequate": false,
      "expressibility_adequate": true,
      "statistical_adequate": true
    }
  }
}